<?xml version='1.0' encoding='UTF-8'?>
<HMUIS Width="1000" Height="625" StartPage="HMUI_1" Name="LT-7000C">
    <HMUI Title="首页" BackgroundImage="135.jpg" Id="1" ImageModel="0" Name="HMUI_1" ChName="页面_1">
        <ImageControl FontBold_focused="0" CurState="0" FontStrikeOut="0" FontUnderLine="0" Z-Index="2" FontSize="27" FontItalic="0" Visible="1" FontItalic_focused="0" Geometry="(125,191,55,55)" ImageModel_focused="0" FontStrikeOut_pressed="0" TextAlign="132" Id="17" Font_focused="宋体" Font_pressed="宋体" FontStrikeOut_focused="0" FontBold_pressed="0" BackgroundImage="1.png" ImageModel_pressed="0" BackgroundImage_focused="" FontItalic_pressed="0" FontUnderLine_pressed="0" TextAlign_pressed="132" FontBold="0" FontSize_focused="12" FontSize_pressed="18" FontUnderLine_focused="0" Name="ImageControl_17" BackgroundImage_pressed="1.png" ChName="图片_17" Text="1" ImageModel="0" Font="宋体" Enable="1" TextAlign_focused="132"/>
        <ImageControl FontBold_focused="0" CurState="0" FontStrikeOut="0" FontUnderLine="0" Z-Index="2" FontSize="27" FontItalic="0" Visible="1" FontItalic_focused="0" Geometry="(198,191,55,55)" ImageModel_focused="0" FontStrikeOut_pressed="0" TextAlign="132" Id="18" Font_focused="宋体" Font_pressed="宋体" FontStrikeOut_focused="0" FontBold_pressed="0" BackgroundImage="1.png" ImageModel_pressed="0" BackgroundImage_focused="" FontItalic_pressed="0" FontUnderLine_pressed="0" TextAlign_pressed="132" FontBold="0" FontSize_focused="12" FontSize_pressed="18" FontUnderLine_focused="0" Name="ImageControl_18" BackgroundImage_pressed="1.png" ChName="图片_18" Text="2" ImageModel="0" Font="宋体" Enable="1" TextAlign_focused="132"/>
        <ImageControl FontBold_focused="0" CurState="0" FontStrikeOut="0" FontUnderLine="0" Z-Index="3" FontSize="27" FontItalic="0" Visible="1" FontItalic_focused="0" Geometry="(271,191,55,55)" ImageModel_focused="0" FontStrikeOut_pressed="0" TextAlign="132" Id="19" Font_focused="宋体" Font_pressed="宋体" FontStrikeOut_focused="0" FontBold_pressed="0" BackgroundImage="1.png" ImageModel_pressed="0" FontItalic_pressed="0" FontUnderLine_pressed="0" TextAlign_pressed="132" FontBold="0" FontSize_focused="12" FontSize_pressed="18" FontUnderLine_focused="0" Name="ImageControl_19" BackgroundImage_pressed="1.png" ChName="图片_19" Text="3" ImageModel="0" Font="宋体" Enable="1" TextAlign_focused="132"/>
        <ImageControl FontBold_focused="0" CurState="0" FontStrikeOut="0" FontUnderLine="0" Z-Index="4" FontSize="27" FontItalic="0" Visible="1" FontItalic_focused="0" Geometry="(346,191,55,55)" ImageModel_focused="0" FontStrikeOut_pressed="0" TextAlign="132" Id="20" Font_focused="宋体" Font_pressed="宋体" FontStrikeOut_focused="0" FontBold_pressed="0" BackgroundImage="1.png" ImageModel_pressed="0" FontItalic_pressed="0" FontUnderLine_pressed="0" TextAlign_pressed="132" FontBold="0" FontSize_focused="12" FontSize_pressed="18" FontUnderLine_focused="0" Name="ImageControl_20" BackgroundImage_pressed="1.png" ChName="图片_20" Text="4" ImageModel="0" Font="宋体" Enable="1" TextAlign_focused="132"/>
        <ImageControl FontBold_focused="0" CurState="0" FontStrikeOut="0" FontUnderLine="0" Z-Index="5" FontSize="27" FontItalic="0" Visible="1" FontItalic_focused="0" Geometry="(125,263,55,55)" ImageModel_focused="0" FontStrikeOut_pressed="0" TextAlign="132" Id="21" Font_focused="宋体" Font_pressed="宋体" FontStrikeOut_focused="0" FontBold_pressed="0" BackgroundImage="1.png" ImageModel_pressed="0" FontItalic_pressed="0" FontUnderLine_pressed="0" TextAlign_pressed="132" FontBold="0" FontSize_focused="12" FontSize_pressed="18" FontUnderLine_focused="0" Name="ImageControl_21" BackgroundImage_pressed="1.png" ChName="图片_21" Text="5" ImageModel="0" Font="宋体" Enable="1" TextAlign_focused="132"/>
        <ImageControl FontBold_focused="0" CurState="0" FontStrikeOut="0" FontUnderLine="0" Z-Index="6" FontSize="27" FontItalic="0" Visible="1" FontItalic_focused="0" Geometry="(198,263,55,55)" ImageModel_focused="0" FontStrikeOut_pressed="0" TextAlign="132" Id="22" Font_focused="宋体" Font_pressed="宋体" FontStrikeOut_focused="0" FontBold_pressed="0" BackgroundImage="1.png" ImageModel_pressed="0" FontItalic_pressed="0" FontUnderLine_pressed="0" TextAlign_pressed="132" FontBold="0" FontSize_focused="12" FontSize_pressed="18" FontUnderLine_focused="0" Name="ImageControl_22" BackgroundImage_pressed="1.png" ChName="图片_22" Text="6" ImageModel="0" Font="宋体" Enable="1" TextAlign_focused="132"/>
        <ImageControl FontBold_focused="0" CurState="0" FontStrikeOut="0" FontUnderLine="0" Z-Index="7" FontSize="27" FontItalic="0" Visible="1" FontItalic_focused="0" Geometry="(271,263,55,55)" ImageModel_focused="0" FontStrikeOut_pressed="0" TextAlign="132" Id="23" Font_focused="宋体" Font_pressed="宋体" FontStrikeOut_focused="0" FontBold_pressed="0" BackgroundImage="1.png" ImageModel_pressed="0" FontItalic_pressed="0" FontUnderLine_pressed="0" TextAlign_pressed="132" FontBold="0" FontSize_focused="12" FontSize_pressed="18" FontUnderLine_focused="0" Name="ImageControl_23" BackgroundImage_pressed="1.png" ChName="图片_23" Text="7" ImageModel="0" Font="宋体" Enable="1" TextAlign_focused="132"/>
        <ImageControl FontBold_focused="0" CurState="0" FontStrikeOut="0" FontUnderLine="0" Z-Index="8" FontSize="27" FontItalic="0" Visible="1" FontItalic_focused="0" Geometry="(346,263,55,55)" ImageModel_focused="0" FontStrikeOut_pressed="0" TextAlign="132" Id="24" Font_focused="宋体" Font_pressed="宋体" FontStrikeOut_focused="0" FontBold_pressed="0" BackgroundImage="1.png" ImageModel_pressed="0" FontItalic_pressed="0" FontUnderLine_pressed="0" TextAlign_pressed="132" FontBold="0" FontSize_focused="12" FontSize_pressed="18" FontUnderLine_focused="0" Name="ImageControl_24" BackgroundImage_pressed="1.png" ChName="图片_24" Text="8" ImageModel="0" Font="宋体" Enable="1" TextAlign_focused="132"/>
        <ImageControl FontBold_focused="0" CurState="1" FontStrikeOut="0" FontUnderLine="0" Z-Index="10" FontSize="27" FontItalic="0" Visible="1" FontItalic_focused="0" Geometry="(125,372,55,55)" ImageModel_focused="0" FontStrikeOut_pressed="0" TextAlign="132" Id="27" Font_focused="宋体" Font_pressed="宋体" FontStrikeOut_focused="0" FontBold_pressed="0" BackgroundImage="img_0.png" ImageModel_pressed="0" BackgroundImage_focused="img_0.png" FontItalic_pressed="0" FontUnderLine_pressed="0" TextAlign_pressed="132" ForegroundColor_pressed="#ff0000" FontBold="1" FontSize_focused="12" FontSize_pressed="18" FontUnderLine_focused="0" Name="ImageControl_27" BackgroundImage_pressed="img_0.png" ChName="图片_27" Text="1" ImageModel="0" Font="宋体" Enable="1" TextAlign_focused="132">
            <Event>
                <Click/>
            </Event>
        </ImageControl>
        <ImageControl FontBold_focused="0" CurState="1" FontStrikeOut="0" FontUnderLine="0" Z-Index="10" FontSize="27" FontItalic="0" Visible="1" FontItalic_focused="0" Geometry="(198,372,55,55)" ImageModel_focused="0" FontStrikeOut_pressed="0" TextAlign="132" Id="28" Font_focused="宋体" Font_pressed="宋体" FontStrikeOut_focused="0" FontBold_pressed="0" BackgroundImage="img_0.png" ImageModel_pressed="0" BackgroundImage_focused="img_0.png" FontItalic_pressed="0" FontUnderLine_pressed="0" TextAlign_pressed="132" ForegroundColor_pressed="#ff0000" FontBold="1" FontSize_focused="12" FontSize_pressed="18" FontUnderLine_focused="0" Name="ImageControl_28" BackgroundImage_pressed="img_0.png" ChName="图片_28" Text="2" ImageModel="0" Font="宋体" Enable="1" TextAlign_focused="132">
            <Event>
                <Click/>
            </Event>
        </ImageControl>
        <ImageControl FontBold_focused="0" CurState="2" FontStrikeOut="0" FontUnderLine="0" Z-Index="11" FontSize="27" FontItalic="0" Visible="1" FontItalic_focused="0" Geometry="(125,438,55,55)" ImageModel_focused="0" FontStrikeOut_pressed="0" TextAlign="132" Id="29" Font_focused="宋体" Font_pressed="宋体" FontStrikeOut_focused="0" FontBold_pressed="0" BackgroundImage="img_0.png" ImageModel_pressed="0" FontItalic_pressed="0" FontUnderLine_pressed="0" TextAlign_pressed="132" ForegroundColor_pressed="#ff0000" FontBold="1" FontSize_focused="12" FontSize_pressed="18" FontUnderLine_focused="0" Name="ImageControl_29" BackgroundImage_pressed="img_0.png" ChName="图片_29" Text="3" ImageModel="0" Font="宋体" Enable="1" TextAlign_focused="132">
            <Event>
                <Click/>
            </Event>
        </ImageControl>
        <ImageControl FontBold_focused="0" CurState="2" FontStrikeOut="0" FontUnderLine="0" Z-Index="12" FontSize="27" FontItalic="0" Visible="1" FontItalic_focused="0" Geometry="(198,437,55,55)" ImageModel_focused="0" FontStrikeOut_pressed="0" TextAlign="132" Id="30" Font_focused="宋体" Font_pressed="宋体" FontStrikeOut_focused="0" FontBold_pressed="0" BackgroundImage="img_0.png" ImageModel_pressed="0" FontItalic_pressed="0" FontUnderLine_pressed="0" TextAlign_pressed="132" ForegroundColor_pressed="#ff0000" FontBold="1" FontSize_focused="12" FontSize_pressed="18" FontUnderLine_focused="0" Name="ImageControl_30" BackgroundImage_pressed="img_0.png" ChName="图片_30" Text="4" ImageModel="0" Font="宋体" Enable="1" TextAlign_focused="132">
            <Event>
                <Click/>
            </Event>
        </ImageControl>
        <ImageControl FontBold_focused="0" CurState="2" FontStrikeOut="0" FontUnderLine="0" Z-Index="13" FontSize="27" FontItalic="0" Visible="1" FontItalic_focused="0" Geometry="(271,372,55,55)" ImageModel_focused="0" FontStrikeOut_pressed="0" TextAlign="132" Id="31" Font_focused="宋体" Font_pressed="宋体" FontStrikeOut_focused="0" FontBold_pressed="0" BackgroundImage="img_0.png" ImageModel_pressed="0" FontItalic_pressed="0" FontUnderLine_pressed="0" TextAlign_pressed="132" ForegroundColor_pressed="#ff0000" FontBold="1" FontSize_focused="12" FontSize_pressed="18" FontUnderLine_focused="0" Name="ImageControl_31" BackgroundImage_pressed="img_0.png" ChName="图片_31" Text="5" ImageModel="0" Font="宋体" Enable="1" TextAlign_focused="132">
            <Event>
                <Click/>
            </Event>
        </ImageControl>
        <ImageControl FontBold_focused="0" CurState="2" FontStrikeOut="0" FontUnderLine="0" Z-Index="14" FontSize="27" FontItalic="0" Visible="1" FontItalic_focused="0" Geometry="(346,374,55,55)" ImageModel_focused="0" FontStrikeOut_pressed="0" TextAlign="132" Id="32" Font_focused="宋体" Font_pressed="宋体" FontStrikeOut_focused="0" FontBold_pressed="0" BackgroundImage="img_0.png" ImageModel_pressed="0" FontItalic_pressed="0" FontUnderLine_pressed="0" TextAlign_pressed="132" ForegroundColor_pressed="#ff0000" FontBold="1" FontSize_focused="12" FontSize_pressed="18" FontUnderLine_focused="0" Name="ImageControl_32" BackgroundImage_pressed="img_0.png" ChName="图片_32" Text="6" ImageModel="0" Font="宋体" Enable="1" TextAlign_focused="132">
            <Event>
                <Click/>
            </Event>
        </ImageControl>
        <ImageControl FontBold_focused="0" CurState="2" FontStrikeOut="0" FontUnderLine="0" Z-Index="15" FontSize="27" FontItalic="0" Visible="1" FontItalic_focused="0" Geometry="(271,437,55,55)" ImageModel_focused="0" FontStrikeOut_pressed="0" TextAlign="132" Id="33" Font_focused="宋体" Font_pressed="宋体" FontStrikeOut_focused="0" FontBold_pressed="0" BackgroundImage="img_0.png" ImageModel_pressed="0" FontItalic_pressed="0" FontUnderLine_pressed="0" TextAlign_pressed="132" ForegroundColor_pressed="#ff0000" FontBold="1" FontSize_focused="12" FontSize_pressed="18" FontUnderLine_focused="0" Name="ImageControl_33" BackgroundImage_pressed="img_0.png" ChName="图片_33" Text="7" ImageModel="0" Font="宋体" Enable="1" TextAlign_focused="132">
            <Event>
                <Click/>
            </Event>
        </ImageControl>
        <ImageControl FontBold_focused="0" CurState="2" FontStrikeOut="0" FontUnderLine="0" Z-Index="16" FontSize="27" FontItalic="0" Visible="1" FontItalic_focused="0" Geometry="(346,439,55,55)" ImageModel_focused="0" FontStrikeOut_pressed="0" TextAlign="132" Id="34" Font_focused="宋体" Font_pressed="宋体" FontStrikeOut_focused="0" FontBold_pressed="0" BackgroundImage="img_0.png" ImageModel_pressed="0" FontItalic_pressed="0" FontUnderLine_pressed="0" TextAlign_pressed="132" ForegroundColor_pressed="#ff0000" FontBold="1" FontSize_focused="12" FontSize_pressed="18" FontUnderLine_focused="0" Name="ImageControl_34" BackgroundImage_pressed="img_0.png" ChName="图片_34" Text="8" ImageModel="0" Font="宋体" Enable="1" TextAlign_focused="132">
            <Event>
                <Click/>
            </Event>
        </ImageControl>
        <ImageControl FontBold_focused="0" CurState="0" FontStrikeOut="0" FontUnderLine="0" Z-Index="17" FontSize="18" FontItalic="0" Visible="1" FontItalic_focused="0" Geometry="(654,203,55,55)" ImageModel_focused="0" FontStrikeOut_pressed="0" TextAlign="132" Id="45" Font_focused="宋体" Font_pressed="宋体" FontStrikeOut_focused="0" FontBold_pressed="0" BackgroundImage="38.png" ImageModel_pressed="0" FontItalic_pressed="0" FontUnderLine_pressed="0" TextAlign_pressed="132" FontBold="0" FontSize_focused="12" FontSize_pressed="12" FontUnderLine_focused="0" Name="ImageControl_45" BackgroundImage_pressed="41.png" ChName="图片_45" Text="1开" ImageModel="0" Font="宋体" Enable="1" TextAlign_focused="132">
            <Event>
                <Click/>
            </Event>
        </ImageControl>
        <ImageControl FontBold_focused="0" CurState="0" FontStrikeOut="0" FontUnderLine="0" Z-Index="18" FontSize="18" FontItalic="0" Visible="1" FontItalic_focused="0" Geometry="(708,203,55,55)" ImageModel_focused="0" FontStrikeOut_pressed="0" TextAlign="132" Id="46" Font_focused="宋体" Font_pressed="宋体" FontStrikeOut_focused="0" FontBold_pressed="0" BackgroundImage="42.png" ImageModel_pressed="0" FontItalic_pressed="0" FontUnderLine_pressed="0" TextAlign_pressed="132" FontBold="0" FontSize_focused="12" FontSize_pressed="12" FontUnderLine_focused="0" Name="ImageControl_46" BackgroundImage_pressed="43.png" ChName="图片_46" Text="1关" ImageModel="0" Font="宋体" Enable="1" TextAlign_focused="132"/>
        <ImageControl FontBold_focused="0" CurState="0" FontStrikeOut="0" FontUnderLine="0" Z-Index="17" FontSize="18" FontItalic="0" Visible="1" FontItalic_focused="0" Geometry="(826,203,55,55)" ImageModel_focused="0" FontStrikeOut_pressed="0" TextAlign="132" Id="35" Font_focused="宋体" Font_pressed="宋体" FontStrikeOut_focused="0" FontBold_pressed="0" BackgroundImage="38.png" ImageModel_pressed="0" FontItalic_pressed="0" FontUnderLine_pressed="0" TextAlign_pressed="132" FontBold="0" FontSize_focused="12" FontSize_pressed="12" FontUnderLine_focused="0" Name="ImageControl_35" BackgroundImage_pressed="41.png" Text="2开" ChName="图片_35" ImageModel="0" Font="宋体" Enable="1" TextAlign_focused="132"/>
        <ImageControl FontBold_focused="0" CurState="0" FontStrikeOut="0" FontUnderLine="0" Z-Index="17" FontSize="18" FontItalic="0" Visible="1" FontItalic_focused="0" Geometry="(654,271,55,55)" ImageModel_focused="0" FontStrikeOut_pressed="0" TextAlign="132" Id="36" Font_focused="宋体" Font_pressed="宋体" FontStrikeOut_focused="0" FontBold_pressed="0" BackgroundImage="38.png" ImageModel_pressed="0" FontItalic_pressed="0" FontUnderLine_pressed="0" TextAlign_pressed="132" FontBold="0" FontSize_focused="12" FontSize_pressed="12" FontUnderLine_focused="0" Name="ImageControl_36" BackgroundImage_pressed="41.png" Text="3开" ChName="图片_36" ImageModel="0" Font="宋体" Enable="1" TextAlign_focused="132"/>
        <ImageControl FontBold_focused="0" CurState="0" FontStrikeOut="0" FontUnderLine="0" Z-Index="18" FontSize="18" FontItalic="0" Visible="1" FontItalic_focused="0" Geometry="(826,271,55,55)" ImageModel_focused="0" FontStrikeOut_pressed="0" TextAlign="132" Id="37" Font_focused="宋体" Font_pressed="宋体" FontStrikeOut_focused="0" FontBold_pressed="0" BackgroundImage="38.png" ImageModel_pressed="0" FontItalic_pressed="0" FontUnderLine_pressed="0" TextAlign_pressed="132" FontBold="0" FontSize_focused="12" FontSize_pressed="12" FontUnderLine_focused="0" Name="ImageControl_37" BackgroundImage_pressed="41.png" Text="4开" ChName="图片_37" ImageModel="0" Font="宋体" Enable="1" TextAlign_focused="132"/>
        <ImageControl FontBold_focused="0" CurState="0" FontStrikeOut="0" FontUnderLine="0" Z-Index="19" FontSize="18" FontItalic="0" Visible="1" FontItalic_focused="0" Geometry="(654,337,55,55)" ImageModel_focused="0" FontStrikeOut_pressed="0" TextAlign="132" Id="38" Font_focused="宋体" Font_pressed="宋体" FontStrikeOut_focused="0" FontBold_pressed="0" BackgroundImage="38.png" ImageModel_pressed="0" FontItalic_pressed="0" FontUnderLine_pressed="0" TextAlign_pressed="132" FontBold="0" FontSize_focused="12" FontSize_pressed="12" FontUnderLine_focused="0" Name="ImageControl_38" BackgroundImage_pressed="41.png" Text="5开" ChName="图片_38" ImageModel="0" Font="宋体" Enable="1" TextAlign_focused="132"/>
        <ImageControl FontBold_focused="0" CurState="0" FontStrikeOut="0" FontUnderLine="0" Z-Index="20" FontSize="18" FontItalic="0" Visible="1" FontItalic_focused="0" Geometry="(826,337,55,55)" ImageModel_focused="0" FontStrikeOut_pressed="0" TextAlign="132" Id="39" Font_focused="宋体" Font_pressed="宋体" FontStrikeOut_focused="0" FontBold_pressed="0" BackgroundImage="38.png" ImageModel_pressed="0" FontItalic_pressed="0" FontUnderLine_pressed="0" TextAlign_pressed="132" FontBold="0" FontSize_focused="12" FontSize_pressed="12" FontUnderLine_focused="0" Name="ImageControl_39" BackgroundImage_pressed="41.png" Text="6开" ChName="图片_39" ImageModel="0" Font="宋体" Enable="1" TextAlign_focused="132"/>
        <ImageControl FontBold_focused="0" CurState="0" FontStrikeOut="0" FontUnderLine="0" Z-Index="21" FontSize="18" FontItalic="0" Visible="1" FontItalic_focused="0" Geometry="(654,407,55,55)" ImageModel_focused="0" FontStrikeOut_pressed="0" TextAlign="132" Id="40" Font_focused="宋体" Font_pressed="宋体" FontStrikeOut_focused="0" FontBold_pressed="0" BackgroundImage="38.png" ImageModel_pressed="0" FontItalic_pressed="0" FontUnderLine_pressed="0" TextAlign_pressed="132" FontBold="0" FontSize_focused="12" FontSize_pressed="12" FontUnderLine_focused="0" Name="ImageControl_40" BackgroundImage_pressed="41.png" Text="7开" ChName="图片_40" ImageModel="0" Font="宋体" Enable="1" TextAlign_focused="132"/>
        <ImageControl FontBold_focused="0" CurState="0" FontStrikeOut="0" FontUnderLine="0" Z-Index="22" FontSize="18" FontItalic="0" Visible="1" FontItalic_focused="0" Geometry="(826,407,55,55)" ImageModel_focused="0" FontStrikeOut_pressed="0" TextAlign="132" Id="41" Font_focused="宋体" Font_pressed="宋体" FontStrikeOut_focused="0" FontBold_pressed="0" BackgroundImage="38.png" ImageModel_pressed="0" FontItalic_pressed="0" FontUnderLine_pressed="0" TextAlign_pressed="132" FontBold="0" FontSize_focused="12" FontSize_pressed="12" FontUnderLine_focused="0" Name="ImageControl_41" BackgroundImage_pressed="41.png" Text="8开" ChName="图片_41" ImageModel="0" Font="宋体" Enable="1" TextAlign_focused="132"/>
        <ImageControl FontBold_focused="0" CurState="0" FontStrikeOut="0" FontUnderLine="0" Z-Index="23" FontSize="18" FontItalic="0" Visible="1" FontItalic_focused="0" Geometry="(881,203,55,55)" ImageModel_focused="0" FontStrikeOut_pressed="0" TextAlign="132" Id="42" Font_focused="宋体" Font_pressed="宋体" FontStrikeOut_focused="0" FontBold_pressed="0" BackgroundImage="42.png" ImageModel_pressed="0" FontItalic_pressed="0" FontUnderLine_pressed="0" TextAlign_pressed="132" FontBold="0" FontSize_focused="12" FontSize_pressed="12" FontUnderLine_focused="0" Name="ImageControl_42" BackgroundImage_pressed="43.png" Text="2关" ChName="图片_42" ImageModel="0" Font="宋体" Enable="1" TextAlign_focused="132"/>
        <ImageControl FontBold_focused="0" CurState="0" FontStrikeOut="0" FontUnderLine="0" Z-Index="24" FontSize="18" FontItalic="0" Visible="1" FontItalic_focused="0" Geometry="(708,271,55,55)" ImageModel_focused="0" FontStrikeOut_pressed="0" TextAlign="132" Id="43" Font_focused="宋体" Font_pressed="宋体" FontStrikeOut_focused="0" FontBold_pressed="0" BackgroundImage="42.png" ImageModel_pressed="0" FontItalic_pressed="0" FontUnderLine_pressed="0" TextAlign_pressed="132" FontBold="0" FontSize_focused="12" FontSize_pressed="12" FontUnderLine_focused="0" Name="ImageControl_43" BackgroundImage_pressed="43.png" Text="3关" ChName="图片_43" ImageModel="0" Font="宋体" Enable="1" TextAlign_focused="132"/>
        <ImageControl FontBold_focused="0" CurState="0" FontStrikeOut="0" FontUnderLine="0" Z-Index="28" FontSize="18" FontItalic="0" Visible="1" FontItalic_focused="0" Geometry="(881,271,55,55)" ImageModel_focused="0" FontStrikeOut_pressed="0" TextAlign="132" Id="47" Font_focused="宋体" Font_pressed="宋体" FontStrikeOut_focused="0" FontBold_pressed="0" BackgroundImage="42.png" ImageModel_pressed="0" FontItalic_pressed="0" FontUnderLine_pressed="0" TextAlign_pressed="132" FontBold="0" FontSize_focused="12" FontSize_pressed="12" FontUnderLine_focused="0" Name="ImageControl_47" BackgroundImage_pressed="43.png" Text="4关" ChName="图片_47" ImageModel="0" Font="宋体" Enable="1" TextAlign_focused="132"/>
        <ImageControl FontBold_focused="0" CurState="0" FontStrikeOut="0" FontUnderLine="0" Z-Index="29" FontSize="18" FontItalic="0" Visible="1" FontItalic_focused="0" Geometry="(708,337,55,55)" ImageModel_focused="0" FontStrikeOut_pressed="0" TextAlign="132" Id="48" Font_focused="宋体" Font_pressed="宋体" FontStrikeOut_focused="0" FontBold_pressed="0" BackgroundImage="42.png" ImageModel_pressed="0" FontItalic_pressed="0" FontUnderLine_pressed="0" TextAlign_pressed="132" FontBold="0" FontSize_focused="12" FontSize_pressed="12" FontUnderLine_focused="0" Name="ImageControl_48" BackgroundImage_pressed="43.png" Text="5关" ChName="图片_48" ImageModel="0" Font="宋体" Enable="1" TextAlign_focused="132"/>
        <ImageControl FontBold_focused="0" CurState="0" FontStrikeOut="0" FontUnderLine="0" Z-Index="30" FontSize="18" FontItalic="0" Visible="1" FontItalic_focused="0" Geometry="(881,337,55,55)" ImageModel_focused="0" FontStrikeOut_pressed="0" TextAlign="132" Id="49" Font_focused="宋体" Font_pressed="宋体" FontStrikeOut_focused="0" FontBold_pressed="0" BackgroundImage="42.png" ImageModel_pressed="0" FontItalic_pressed="0" FontUnderLine_pressed="0" TextAlign_pressed="132" FontBold="0" FontSize_focused="12" FontSize_pressed="12" FontUnderLine_focused="0" Name="ImageControl_49" BackgroundImage_pressed="43.png" Text="6关" ChName="图片_49" ImageModel="0" Font="宋体" Enable="1" TextAlign_focused="132"/>
        <ImageControl FontBold_focused="0" CurState="0" FontStrikeOut="0" FontUnderLine="0" Z-Index="31" FontSize="18" FontItalic="0" Visible="1" FontItalic_focused="0" Geometry="(708,407,55,55)" ImageModel_focused="0" FontStrikeOut_pressed="0" TextAlign="132" Id="50" Font_focused="宋体" Font_pressed="宋体" FontStrikeOut_focused="0" FontBold_pressed="0" BackgroundImage="42.png" ImageModel_pressed="0" FontItalic_pressed="0" FontUnderLine_pressed="0" TextAlign_pressed="132" FontBold="0" FontSize_focused="12" FontSize_pressed="12" FontUnderLine_focused="0" Name="ImageControl_50" BackgroundImage_pressed="43.png" Text="7关" ChName="图片_50" ImageModel="0" Font="宋体" Enable="1" TextAlign_focused="132"/>
        <ImageControl FontBold_focused="0" CurState="0" FontStrikeOut="0" FontUnderLine="0" Z-Index="32" FontSize="18" FontItalic="0" Visible="1" FontItalic_focused="0" Geometry="(881,407,55,55)" ImageModel_focused="0" FontStrikeOut_pressed="0" TextAlign="132" Id="51" Font_focused="宋体" Font_pressed="宋体" FontStrikeOut_focused="0" FontBold_pressed="0" BackgroundImage="42.png" ImageModel_pressed="0" FontItalic_pressed="0" FontUnderLine_pressed="0" TextAlign_pressed="132" FontBold="0" FontSize_focused="12" FontSize_pressed="12" FontUnderLine_focused="0" Name="ImageControl_51" BackgroundImage_pressed="43.png" Text="8关" ChName="图片_51" ImageModel="0" Font="宋体" Enable="1" TextAlign_focused="132"/>
        <LabelControl CurState="0" FontStrikeOut="0" FontUnderLine="0" ForegroundColor="#aa5500" Z-Index="33" FontSize="36" FontItalic="0" Visible="1" Geometry="(369,48,315,44)" TextAlign="132" Model="" Id="60" RelationControls="" FontBold="0" Name="LabelControl_60" Equipment="" Text="集控主机接口测试" ChName="标签_60" Font="黑体" ImageModel="0" Enable="1"/>
        <ImageControl FontBold_focused="0" CurState="0" FontStrikeOut="0" FontUnderLine="0" Z-Index="34" FontSize="12" FontItalic="0" Visible="1" FontItalic_focused="0" Geometry="(49,193,32,23)" ImageModel_focused="0" FontStrikeOut_pressed="0" TextAlign="132" Model="" Id="25" Font_focused="宋体" Font_pressed="宋体" FontStrikeOut_focused="0" FontBold_pressed="0" BackgroundImage="s233.png" ImageModel_pressed="0" FontItalic_pressed="0" FontUnderLine_pressed="0" Warning="0" TextAlign_pressed="132" RelationControls="" FontBold="0" FontSize_focused="12" FontSize_pressed="12" FontUnderLine_focused="0" Name="ImageControl_25" Equipment="" ChName="图片_25" Font="宋体" ImageModel="1" Enable="1" TextAlign_focused="132"/>
        <ImageControl FontBold_focused="0" CurState="0" FontStrikeOut="0" FontUnderLine="0" Z-Index="35" FontSize="12" FontItalic="0" Visible="1" FontItalic_focused="0" Geometry="(49,375,22,21)" ImageModel_focused="0" FontStrikeOut_pressed="0" TextAlign="132" Model="" Id="26" Font_focused="宋体" Font_pressed="宋体" FontStrikeOut_focused="0" FontBold_pressed="0" BackgroundImage="infrared.png" ImageModel_pressed="0" FontItalic_pressed="0" FontUnderLine_pressed="0" Warning="0" TextAlign_pressed="132" RelationControls="" FontBold="0" FontSize_focused="12" FontSize_pressed="12" FontUnderLine_focused="0" Name="ImageControl_26" Equipment="" ChName="图片_26" Font="宋体" ImageModel="1" Enable="1" TextAlign_focused="132"/>
        <ImageControl FontBold_focused="0" CurState="0" FontStrikeOut="0" FontUnderLine="0" Z-Index="36" FontSize="12" FontItalic="0" Visible="1" FontItalic_focused="0" Geometry="(569,199,32,27)" ImageModel_focused="0" FontStrikeOut_pressed="0" TextAlign="132" Model="" Id="44" Font_focused="宋体" Font_pressed="宋体" FontStrikeOut_focused="0" FontBold_pressed="0" BackgroundImage="relay.png" ImageModel_pressed="0" FontItalic_pressed="0" FontUnderLine_pressed="0" Warning="0" TextAlign_pressed="132" RelationControls="" FontBold="0" FontSize_focused="12" FontSize_pressed="12" FontUnderLine_focused="0" Name="ImageControl_44" Equipment="" ChName="图片_44" Font="宋体" ImageModel="0" Enable="1" TextAlign_focused="132"/>
        <LabelControl CurState="0" FontStrikeOut="0" FontUnderLine="0" Z-Index="37" FontSize="15" FontItalic="0" Visible="1" Geometry="(26,229,72,22)" TextAlign="132" Model="" Id="61" RelationControls="" FontBold="0" Name="LabelControl_61" Equipment="" Text="串口测试" ChName="标签_61" Font="宋体" ImageModel="0" Enable="1"/>
        <LabelControl CurState="0" FontStrikeOut="0" FontUnderLine="0" Z-Index="38" FontSize="15" FontItalic="0" Visible="1" Geometry="(20,409,72,22)" TextAlign="132" Model="" Id="62" RelationControls="" FontBold="0" Name="LabelControl_62" Equipment="" Text="红外测试" ChName="标签_62" Font="宋体" ImageModel="0" Enable="1"/>
        <LabelControl CurState="0" FontStrikeOut="0" FontUnderLine="0" Z-Index="39" FontSize="15" FontItalic="0" Visible="1" Geometry="(547,230,72,22)" TextAlign="132" Model="" Id="63" RelationControls="" FontBold="0" Name="LabelControl_63" Equipment="" Text="继电测试" ChName="标签_63" Font="宋体" ImageModel="0" Enable="1"/>
    </HMUI>
</HMUIS>
